"_id","name","email","age","city","salary","__v"
"69521b6f6816cf63ed0d8219","User1","user1@example.com",27,"Mumbai",56975,0
"69521b6f6816cf63ed0d821a","User2","user2@example.com",22,"Hyderabad",94017,0
"69521b6f6816cf63ed0d821b","User3","user3@example.com",58,"Bangalore",34718,0
"69521b6f6816cf63ed0d821c","User4","user4@example.com",36,"Delhi",58253,0
"69521b6f6816cf63ed0d821d","User5","user5@example.com",30,"Mumbai",49814,0
"69521b6f6816cf63ed0d821e","User6","user6@example.com",47,"Delhi",51687,0
"69521b6f6816cf63ed0d821f","User7","user7@example.com",51,"Mumbai",73395,0
"69521b6f6816cf63ed0d8220","User8","user8@example.com",58,"Bangalore",105208,0
"69521b6f6816cf63ed0d8221","User9","user9@example.com",37,"Chennai",72352,0
"69521b6f6816cf63ed0d8222","User10","user10@example.com",39,"Bangalore",76887,0
"69521b6f6816cf63ed0d8223","User11","user11@example.com",31,"Bangalore",74510,0
"69521b6f6816cf63ed0d8224","User12","user12@example.com",42,"Chennai",105724,0
"69521b6f6816cf63ed0d8225","User13","user13@example.com",23,"Delhi",30727,0
"69521b6f6816cf63ed0d8226","User14","user14@example.com",53,"Chennai",92729,0
"69521b6f6816cf63ed0d8227","User15","user15@example.com",38,"Mumbai",55249,0
"69521b6f6816cf63ed0d8228","User16","user16@example.com",38,"Bangalore",49859,0
"69521b6f6816cf63ed0d8229","User17","user17@example.com",41,"Mumbai",88799,0
"69521b6f6816cf63ed0d822a","User18","user18@example.com",19,"Delhi",82752,0
"69521b6f6816cf63ed0d822b","User19","user19@example.com",36,"Mumbai",100453,0
"69521b6f6816cf63ed0d822c","User20","user20@example.com",22,"Mumbai",36622,0
"69521b6f6816cf63ed0d822d","User21","user21@example.com",58,"Delhi",90483,0
"69521b6f6816cf63ed0d822e","User22","user22@example.com",31,"Hyderabad",100378,0
"69521b6f6816cf63ed0d822f","User23","user23@example.com",39,"Bangalore",25671,0
"69521b6f6816cf63ed0d8230","User24","user24@example.com",21,"Mumbai",79489,0
"69521b6f6816cf63ed0d8231","User25","user25@example.com",31,"Delhi",33542,0
"69521b6f6816cf63ed0d8232","User26","user26@example.com",18,"Chennai",97496,0
"69521b6f6816cf63ed0d8233","User27","user27@example.com",20,"Chennai",60165,0
"69521b6f6816cf63ed0d8234","User28","user28@example.com",19,"Chennai",40990,0
"69521b6f6816cf63ed0d8235","User29","user29@example.com",52,"Mumbai",46790,0
"69521b6f6816cf63ed0d8236","User30","user30@example.com",40,"Hyderabad",59752,0
"69521b6f6816cf63ed0d8237","User31","user31@example.com",54,"Mumbai",38320,0
"69521b6f6816cf63ed0d8238","User32","user32@example.com",27,"Hyderabad",117953,0
"69521b6f6816cf63ed0d8239","User33","user33@example.com",34,"Delhi",87662,0
"69521b6f6816cf63ed0d823a","User34","user34@example.com",30,"Delhi",89342,0
"69521b6f6816cf63ed0d823b","User35","user35@example.com",47,"Delhi",61830,0
"69521b6f6816cf63ed0d823c","User36","user36@example.com",45,"Chennai",84796,0
"69521b6f6816cf63ed0d823d","User37","user37@example.com",19,"Delhi",76415,0
"69521b6f6816cf63ed0d823e","User38","user38@example.com",47,"Mumbai",29021,0
"69521b6f6816cf63ed0d823f","User39","user39@example.com",26,"Delhi",87374,0
"69521b6f6816cf63ed0d8240","User40","user40@example.com",27,"Delhi",78143,0
"69521b6f6816cf63ed0d8241","User41","user41@example.com",36,"Mumbai",82014,0
"69521b6f6816cf63ed0d8242","User42","user42@example.com",43,"Hyderabad",92539,0
"69521b6f6816cf63ed0d8243","User43","user43@example.com",25,"Delhi",96988,0
"69521b6f6816cf63ed0d8244","User44","user44@example.com",28,"Mumbai",111626,0
"69521b6f6816cf63ed0d8245","User45","user45@example.com",49,"Bangalore",94772,0
"69521b6f6816cf63ed0d8246","User46","user46@example.com",24,"Bangalore",45673,0
"69521b6f6816cf63ed0d8247","User47","user47@example.com",53,"Bangalore",94721,0
"69521b6f6816cf63ed0d8248","User48","user48@example.com",48,"Chennai",55289,0
"69521b6f6816cf63ed0d8249","User49","user49@example.com",24,"Delhi",31542,0
"69521b6f6816cf63ed0d824a","User50","user50@example.com",28,"Chennai",86309,0
"69521b6f6816cf63ed0d824b","User51","user51@example.com",18,"Bangalore",94140,0
"69521b6f6816cf63ed0d824c","User52","user52@example.com",51,"Bangalore",85733,0
"69521b6f6816cf63ed0d824d","User53","user53@example.com",43,"Mumbai",43840,0
"69521b6f6816cf63ed0d824e","User54","user54@example.com",36,"Delhi",39096,0
"69521b6f6816cf63ed0d824f","User55","user55@example.com",39,"Delhi",103164,0
"69521b6f6816cf63ed0d8250","User56","user56@example.com",43,"Chennai",110197,0
"69521b6f6816cf63ed0d8251","User57","user57@example.com",37,"Bangalore",53943,0
"69521b6f6816cf63ed0d8252","User58","user58@example.com",57,"Bangalore",97097,0
"69521b6f6816cf63ed0d8253","User59","user59@example.com",29,"Chennai",109140,0
"69521b6f6816cf63ed0d8254","User60","user60@example.com",20,"Mumbai",33944,0
"69521b6f6816cf63ed0d8255","User61","user61@example.com",37,"Bangalore",61007,0
"69521b6f6816cf63ed0d8256","User62","user62@example.com",36,"Delhi",50637,0
"69521b6f6816cf63ed0d8257","User63","user63@example.com",42,"Hyderabad",65213,0
"69521b6f6816cf63ed0d8258","User64","user64@example.com",43,"Hyderabad",72366,0
"69521b6f6816cf63ed0d8259","User65","user65@example.com",19,"Bangalore",28717,0
"69521b6f6816cf63ed0d825a","User66","user66@example.com",50,"Bangalore",87718,0
"69521b6f6816cf63ed0d825b","User67","user67@example.com",54,"Mumbai",107780,0
"69521b6f6816cf63ed0d825c","User68","user68@example.com",26,"Hyderabad",104307,0
"69521b6f6816cf63ed0d825d","User69","user69@example.com",35,"Bangalore",26155,0
"69521b6f6816cf63ed0d825e","User70","user70@example.com",49,"Bangalore",109173,0
"69521b6f6816cf63ed0d825f","User71","user71@example.com",48,"Mumbai",80393,0
"69521b6f6816cf63ed0d8260","User72","user72@example.com",29,"Hyderabad",84356,0
"69521b6f6816cf63ed0d8261","User73","user73@example.com",24,"Chennai",61948,0
"69521b6f6816cf63ed0d8262","User74","user74@example.com",53,"Delhi",94117,0
"69521b6f6816cf63ed0d8263","User75","user75@example.com",20,"Bangalore",94772,0
"69521b6f6816cf63ed0d8264","User76","user76@example.com",38,"Hyderabad",111117,0
"69521b6f6816cf63ed0d8265","User77","user77@example.com",33,"Delhi",93797,0
"69521b6f6816cf63ed0d8266","User78","user78@example.com",33,"Mumbai",38091,0
"69521b6f6816cf63ed0d8267","User79","user79@example.com",57,"Hyderabad",51321,0
"69521b6f6816cf63ed0d8268","User80","user80@example.com",30,"Delhi",116450,0
"69521b6f6816cf63ed0d8269","User81","user81@example.com",25,"Chennai",33779,0
"69521b6f6816cf63ed0d826a","User82","user82@example.com",53,"Mumbai",63474,0
"69521b6f6816cf63ed0d826b","User83","user83@example.com",53,"Chennai",55825,0
"69521b6f6816cf63ed0d826c","User84","user84@example.com",31,"Mumbai",34873,0
"69521b6f6816cf63ed0d826d","User85","user85@example.com",33,"Delhi",80695,0
"69521b6f6816cf63ed0d826e","User86","user86@example.com",30,"Chennai",77227,0
"69521b6f6816cf63ed0d826f","User87","user87@example.com",26,"Delhi",107933,0
"69521b6f6816cf63ed0d8270","User88","user88@example.com",59,"Mumbai",27176,0
"69521b6f6816cf63ed0d8271","User89","user89@example.com",21,"Chennai",114623,0
"69521b6f6816cf63ed0d8272","User90","user90@example.com",44,"Mumbai",28911,0
"69521b6f6816cf63ed0d8273","User91","user91@example.com",54,"Chennai",43534,0
"69521b6f6816cf63ed0d8274","User92","user92@example.com",31,"Mumbai",101958,0
"69521b6f6816cf63ed0d8275","User93","user93@example.com",55,"Bangalore",44826,0
"69521b6f6816cf63ed0d8276","User94","user94@example.com",40,"Chennai",81836,0
"69521b6f6816cf63ed0d8277","User95","user95@example.com",25,"Bangalore",75572,0
"69521b6f6816cf63ed0d8278","User96","user96@example.com",34,"Bangalore",48927,0
"69521b6f6816cf63ed0d8279","User97","user97@example.com",58,"Chennai",113543,0
"69521b6f6816cf63ed0d827a","User98","user98@example.com",27,"Bangalore",72739,0
"69521b6f6816cf63ed0d827b","User99","user99@example.com",42,"Mumbai",114917,0
"69521b6f6816cf63ed0d827c","User100","user100@example.com",41,"Hyderabad",41560,0